{"cameraMode":{"drawMode":0,"name":"Shaded","section":"Shading Mode"},"sceneLighting":true,"audioPlay":false,"sceneViewState":{"showFog":true,"showMaterialUpdate":false,"showSkybox":true,"showFlares":true,"showImageEffects":true,"showParticleSystems":true},"in2DMode":false,"pivot":{"x":25.03719711303711,"y":-3.4947071075439455,"z":37.880043029785159},"rotation":{"x":-0.08314771950244904,"y":0.8876234889030457,"z":-0.17698343098163606,"w":-0.4170071482658386},"size":10.678760528564454,"orthographic":false}